,area,perimeter,physiological_length,physiological_width,aspect_ratio,rectangularity,circularity,mean_r,mean_g,mean_b,stddev_r,stddev_g,stddev_b,contrast,correlation,inverse_difference_moments,entropy
0,10432.5,685.9482650756836,306,56,5.464285714285714,1.6425593098490294,45.10184733863794,5.3908984375,4.783069661458334,4.323723958333333,28.659526538873482,27.255954681081676,26.107044037418678,24.284533322912615,0.9886539120589983,0.9621072622464519,0.8137689812729008
